claim_id,target_status,patient,claim_type,hospital,diagnosis,admission,discharge,amount_claimed_inr,files,what_the_AI_should_do
CLM-1001,SETTLED,Rahul Sharma,Reimbursement,Sunrise Multispeciality Hospital,Dengue fever with thrombocytopenia,08-Sep-2026,12-Sep-2026,48900,01_Health_eCard.pdf | 02_Policy_Schedule.pdf | 03_Claim_Form.pdf | 05_Discharge_Summary.pdf | 06_Final_Hospital_Bill.pdf | 07_Pharmacy_Bill.pdf | 08_Lab_Report.pdf | 09_Prescription.pdf,"All documents complete and consistent. AI auto-verifies (confidence ~0.95), auto-approves and settles. Payable after 10% co-pay."
CLM-1002,APPROVED,Priya Nair,Cashless,Lotus Care Hospital,Acute appendicitis,15-Sep-2026,17-Sep-2026,98800,01_Health_eCard.pdf | 02_Policy_Schedule.pdf | 03_Claim_Form.pdf | 04_PreAuth_Request.pdf | 05_Discharge_Summary.pdf | 06_Final_Hospital_Bill.pdf | 07_Pharmacy_Bill.pdf | 08_Lab_Report.pdf | 09_Prescription.pdf,Clean surgical claim under ₹1 lakh. AI auto-approves; settlement shows co-pay deduction.
CLM-1003,NEEDS_HUMAN,Amit Patel,Reimbursement,Arogya Ortho & Joint Centre,"Primary osteoarthritis, right knee (Grade IV)",02-Sep-2026,08-Sep-2026,275000,01_Health_eCard.pdf | 02_Policy_Schedule.pdf | 03_Claim_Form.pdf | 05_Discharge_Summary.pdf | 06_Final_Hospital_Bill.pdf | 07_Pharmacy_Bill.pdf | 08_Lab_Report.pdf | 09_Prescription.pdf,"Amount over ₹1,00,000 and room rent ₹7,000/day exceeds the ₹5,000/day cap (proportionate deduction). AI escalates to NEEDS_HUMAN with a suggested partial approval."
CLM-1004,QUERY_RAISED,Sneha Iyer,Reimbursement,Shanti Medical Centre,Enteric (typhoid) fever,19-Sep-2026,22-Sep-2026,26700,01_Health_eCard.pdf | 02_Policy_Schedule.pdf | 03_Claim_Form.pdf | 05_Discharge_Summary.pdf | 06_Final_Hospital_Bill.pdf | 07_Pharmacy_Bill.pdf | 09_Prescription.pdf,Lab report (Widal / blood culture) is intentionally MISSING. AI raises a query asking the customer to upload it.
CLM-1005,DOCS_PENDING,Karan Mehta,Reimbursement,CityLife Hospital,Fracture distal end of left radius,24-Sep-2026,26-Sep-2026,72600,01_Health_eCard.pdf | 02_Policy_Schedule.pdf | 03_Claim_Form.pdf | 05_Discharge_Summary.pdf | 06_Final_Bill_PHOTO_blurry.jpg | 07_Pharmacy_Bill.pdf | 08_Lab_Report.pdf | 09_Prescription.pdf,Final bill is uploaded as a BLURRY photo. AI flags it as unreadable (low confidence) and asks for a clearer copy.
CLM-1006,REJECTED,Neha Gupta,Reimbursement,Kamala Maternity & Women's Hospital,Full term normal vaginal delivery,21-Sep-2026,23-Sep-2026,64400,01_Health_eCard.pdf | 02_Policy_Schedule.pdf | 03_Claim_Form.pdf | 05_Discharge_Summary.pdf | 06_Final_Hospital_Bill.pdf | 07_Pharmacy_Bill.pdf | 08_Lab_Report.pdf | 09_Prescription.pdf,Policy started 10-Mar-2026; maternity has a 24-month waiting period. AI recommends REJECT with the exact policy clause.
CLM-1007,UNDER_REVIEW,Vikram Singh,Reimbursement,Drishti Eye Hospital,"Senile cataract, right eye",25-Sep-2026,25-Sep-2026,48300,01_Health_eCard.pdf | 02_Policy_Schedule.pdf | 03_Claim_Form.pdf | 05_Discharge_Summary.pdf | 06_Final_Hospital_Bill.pdf | 07_Pharmacy_Bill.pdf | 08_Lab_Report.pdf | 09_Prescription.pdf,"Name on the hospital bill is 'Vikram S. Singh' vs 'Vikram Singh' on the policy, and the policy caps cataract at ₹40,000 per eye. AI marks it UNDER_REVIEW with a partial settlement suggestion."
CLM-1008,PREAUTH_SUBMITTED,Anjali Desai,Cashless,HeartLine Cardiac Institute,"Coronary artery disease – double vessel (LAD, RCA)",06-Oct-2026,08-Oct-2026,265000,01_Health_eCard.pdf | 02_Policy_Schedule.pdf | 03_Claim_Form.pdf | 04_PreAuth_Request.pdf | 05_Doctor_Estimate_Letter.pdf | 08_Lab_Report.pdf | 09_Prescription.pdf,"Cashless pre-authorisation only (planned procedure, no bill yet). Estimate over ₹1 lakh, so AI drafts an approval note for the ops team."
CLM-1009,CREATED,Rohan Joshi,Reimbursement,Oakwood General Hospital,Acute gastroenteritis with moderate dehydration,30-Sep-2026,02-Oct-2026,15000,01_Health_eCard.pdf | 02_Policy_Schedule.pdf | 03_Claim_Form.pdf,"Claim just created: only the claim form and e-card are uploaded. AI will ask for the discharge summary, bill and reports."
